year,month,GDP grow rate,agriculture,industry,service,GDP real,GDP per capital,CPI,FDI in,FDI out,inflation rate,exchange rate,exchange,export,import,workers,unemployment rate
,,%,%,%,%,billion VND,thousand VND,%,billion USD,billion USD,%,%,VND/USD,milion USD,milion USD,milion people,%
2000,1,1.03,3.76,8.61,2.08,33973,5627,0.4,0.55,1.09,0.048,0.17,14052,853,949,37.6,2.3
2000,2,2.2,0.8,5.11,0.56,34496,5663,1.6,0.21,1.03,0.053,0.04,14057,894,1112,37.68,2.32
2000,3,3.9,3.33,1.24,4.08,34498,5690,-1.1,-0.4,1.39,0.054,0.03,14061,943,1181,37.75,2.33
2000,4,4.7,3.39,5.77,1.59,34675,5735,-0.7,0.32,0.22,0.048,0.05,14068,1125,1187,37.8,2.35
2000,5,2.1,0.69,0.26,3.17,35294,5771,-0.6,-0.7,0.16,0.047,0.11,14084,1160,1202,37.9,2.37
2000,6,4.4,1.12,0.83,4.7,35767,5807,-0.5,0.8,1.04,0.051,-0.01,14083,1216,1331,37.98,2.38
2000,7,3.7,1.86,4.53,2.45,36503,5844,-0.6,-0.8,-0.52,0.053,0.06,14092,1283,1382,38.05,2.4
2000,8,4.1,2.41,8.02,5.23,36887,5880,0.1,0.23,0.42,0.086,0.2,14120,1354,1481,38.12,2.42
2000,9,2.1,3.96,0.73,0.8,37304,5916,-0.2,0.45,0.92,0.068,0.67,14214,1370,1503,38.2,2.43
2000,10,5.9,0.42,9.12,1.62,38241,5988,0.1,0.64,1.54,0.077,1.32,14402,1372,1516,38.28,2.45
2000,11,0.9,1.47,0.22,5.05,38508,6024,0.9,0.22,-2.41,0.034,0.84,14523,1443,1521,38.35,2.47
2000,12,0.1,0.15,0.45,0.17,40200,6040,0.1,0.72,-2.47,0.083,0.11,14539,1478,1574,38.43,2.48
2001,1,0.8,1.78,3.38,4.7,36843,6061,0.3,0.54,0.35,0.07,0.21,14570,837,922,38.5,2.5
2001,2,0.08,1.38,10.19,4.2,38137,6112,0.4,0.32,0.11,0.035,0.13,14589,894,950,38.58,2.23
2001,3,3.7,0.7,4.61,1.92,38408,6163,-0.7,0.41,0.03,0.13,-0.14,14569,1160,1014,38.64,2.48
2001,4,6.7,2.2,8.95,2.03,38424,6214,-0.5,0.63,0.04,0.05,0.15,14591,1272,1296,38.75,2.45
2001,5,4.3,2.54,9.24,3.99,40429,6265,-0.2,0.85,0.19,0.11,0.65,14686,1290,1345,38.83,2.43
2001,6,2.6,1.71,7.4,1.98,40714,6316,0,1.09,0.02,0.023,1.25,14869,1298,1373,38.91,2.4
2001,7,4.4,0.94,2.68,0.49,40823,6368,-0.2,2.75,0.42,0.07,0.67,14968,1313,1430,39,2.38
2001,8,3.3,2.47,8.16,1.9,41020,6491,0,0.99,0.11,0.04,0.33,15018,1355,1564,39.08,2.35
2001,9,2.7,0.12,1.09,2.2,42002,6470,0.5,-1.23,0.73,0.065,0.07,15028,1439,1570,39.16,2.33
2001,10,0.7,0.52,0.22,3.7,42719,6521,0,-1.28,1.23,0.1,0.19,15057,1443,1582,39.25,2.3
2001,11,2.1,1.46,9.2,5.98,43366,6572,0.2,-2.12,0.31,0.11,0.23,15092,1479,1594,39.33,2.28
2001,12,0.1,1.71,6.21,0.17,43869,6623,1,0.19,-1.09,0.14,0.11,15108,1533,1644,39.42,2.25
2002,1,0.3,2.68,7.55,6.4,40933,6675,1.1,0.13,0.35,0.13,0.09,15121,904,1323,39.5,2.2
2002,2,0.2,0.87,6.48,1.17,41124,6749,2.2,0.25,0.57,0.38,0.13,15141,1267,1402,39.59,2.19
2002,3,0.4,1.28,3.62,5.7,41232,6823,-0.8,0.58,1.02,0.35,0.32,15190,1296,1435,39.68,2.16
2002,4,2.1,0.64,0.38,0.33,44243,6898,0,1.71,0.99,0.23,0.2,15220.5,1443,1549,39.78,2.13
2002,5,2.9,0.99,5.45,3.6,44904,6972,0.3,1.78,-1.24,0.13,0.19,15249.5,1449,1668,39.87,2.11
2002,6,3.8,2.32,2.15,5.34,45174,7047,0.1,1.5,2.42,0.33,0.16,15274,1475,1671,39.96,2.08
2002,7,6.4,1.4,1.29,4.05,45782,7121,-0.1,0.4,1.75,0.63,0.3,15320,1518,1676,40.05,2.05
2002,8,6.6,3.75,7.93,1.88,46089,7195,0.1,-1.04,1.46,0.61,0.07,15330,1561,1707,40.14,2.12
2002,9,6.8,1.39,8.21,0.52,46886,7270,0.2,-2.42,-0.52,0.1,0.09,15344,1568,1802,40.23,2.15
2002,10,4.4,3.98,4.07,3.02,47641,7344,0.3,-0.82,-0.88,0.23,0.11,15361.5,1575,1823,40.33,2.21
2002,11,5.2,4.01,5.98,0.75,47779,7419,0.3,-0.57,-1.12,0.18,0.14,15383.5,1578,1866,40.42,2.25
2002,12,3.2,0.14,0.21,0.18,48329,7493,0.3,1.49,-2.21,0.3,0.11,15401,1589,1892,40.51,2.3
2003,1,6.6,2.89,8.72,6.7,48371,7568,0.9,1.12,-1.52,0.27,0.19,15431,1259,1592,40.6,2.2
2003,2,3.6,0.64,6.83,2.98,48416,7665,2.2,1.72,0.06,0.36,-0.01,15429.5,1480,1545,40.68,2.31
2003,3,2.1,0.62,7.29,4.1,48723,7762,-0.6,1.84,-0.19,0.43,0.16,15453.5,1515,1760,40.77,2.35
2003,4,3.6,0.49,8.76,1.43,49297,7860,0,2.28,-1.65,0.44,0.07,15464,1612,1888,40.85,2.38
2003,5,1.8,0.19,8.8,2.98,50247,7957,-0.1,2.64,-1.73,0.46,0.06,15473.5,1634,1917,40.93,2.41
2003,6,6.5,2.86,7.77,4.64,50525,8054,-0.3,1.33,2.52,0.19,0.15,15497,1695,2180,41.02,2.35
2003,7,1.4,1.96,5.24,1.36,52188,8249,-0.3,1.21,-1.68,0.01,0.11,15514,1703,2470,41.1,2.44
2003,8,1.2,1.84,2.62,7.19,54019,8346,-0.1,0.32,2.34,0.06,0.04,15520,1774,2493,41.18,2.47
2003,9,2.9,1.64,0.13,0.88,54580,8444,0.1,-1.24,0.47,0.07,0.22,15554,1788,2731,41.27,2.5
2003,10,5.5,2.19,8.4,4.16,55020,8541,-0.2,-2.8,0.78,0.04,0.57,15642,1889,2751,41.35,2.25
2003,11,0.2,2.15,2.67,4.62,55082,8638,0.6,-3.36,1.24,0.034,-0.1,15626,1981,2891,41.43,2.2
2003,12,0.5,0.13,0.22,0.19,55727,8735,0.8,-1.87,2.01,0.17,0.1,15642,1996,2925,41.52,2.16
2004,1,3.9,0.57,5.38,6.3,55932,8736,1.1,0.49,1.7,0.89,0.34,15695,1627,1807,41.6,2.1
2004,2,5.9,3.23,3.16,5.46,56543,8929,3,0.55,-1.86,0.7,0.38,15754,1881,2142,41.7,2.13
2004,3,2.6,3.3,4.02,6.7,57410,9123,0.8,0.43,-0.06,1.34,-0.21,15721,2012,2426,41.8,2.17
2004,4,4.3,0.71,3.44,1.91,58170,9316,0.5,1.85,-0.5,1.02,-0.02,15717.5,2045,2631,41.9,2.2
2004,5,3.6,0.19,7.24,0.5,58950,9510,0.9,2.56,-2.9,1.13,0.15,15741,2183,2626,42,2.23
2004,6,6.2,0.32,0.65,2.38,59134,9703,0.8,-0.81,-0.8,1.56,-0.12,15721.5,2262,2668,42.1,2.27
2004,7,2.1,0.35,8.59,1.77,59143,9897,0.5,-0.41,0.7,0.75,0.17,15748,2486,2807,42.2,2.3
2004,8,7.5,0.48,6.88,3.25,63474,10090,0.6,1.74,0.26,0.55,0.08,15760,2300,2580,42.3,2.33
2004,9,3.8,2.08,2.54,4.17,63975,10477,0.3,0.53,2.84,1.27,-0.1,15745,2335,2878,42.4,2.37
2004,10,5.5,0.25,3.07,4.09,65618,10671,0,0.8,-0.65,1.12,0.03,15750,2223,2750,42.5,2.4
2004,11,2.5,1.58,9.79,4.53,64900,10864,0.2,-2.41,2.84,1.07,0.15,15773,2349,3108,42.6,2.43
2004,12,1.2,0.15,0.22,0.19,65508,11054,0.6,-0.77,1.38,0.45,0,15773,2782,3546,42.7,2.47
2005,1,5.3,3.72,1.92,1.74,54569,11058,1.1,0.37,0.255,0.19,0.08,15786,2178,2553,42.8,2.5
2005,2,5.1,4.01,0.99,1.47,55075,11195,2.5,1.35,0.31,1.04,0.11,15803,2041,2496,42.9,2.7
2005,3,3.4,5.08,0.06,1.21,54748,11333,0.1,1.43,0.168,0.94,0.1,15819,2784,3230,43,2.9
2005,4,4.7,4.5,1.35,0.95,71596,11471,0.6,2.85,1.77,0.13,0.06,15828,2466,3126,43.1,3.1
2005,5,3.4,4.21,1.48,0.69,72711,11609,0.5,4.63,0.91,0.012,0.2,15860,2420,3295,43.2,3.3
2005,6,4.8,4.75,1.79,0.43,71890,11747,0.4,0.56,-0.42,0.56,-0.06,15851,2736,3264,43.3,3.5
2005,7,5.1,4.89,2.5,0.16,68311,11885,0.4,-2.51,-1.04,0.35,0.17,15878,2926,3131,43.4,3.7
2005,8,4.1,5.04,3.03,0.23,69178,12023,0.4,0.42,2.03,0.57,-0.04,15872,3145,3190,43.5,3.9
2005,9,3.5,6.25,3.56,0.36,68497,12161,0.8,2.42,3.1,1.32,0.18,15900,2901,3032,43.6,4.1
2005,10,4.1,6.81,2.45,0.62,83382,12299,0.4,-1.24,-0.15,1.26,-0.03,15896,2769,3132,43.7,4.3
2005,11,4.5,7.49,3.8,0.88,84297,12437,0.4,-1.67,-1.24,0.06,0.08,15908,2897,3132,43.8,4.5
2005,12,3.6,8.19,4.2,1.23,84184,12575,0.8,-1.77,-2.41,1.12,0.04,15914,2970,3300,43.9,4.7
2006,1,4.2,5.73,3.63,1.56,61107,12713,1.2,1.62,-0.75,0.011,0.03,15918,3065,2599,44,4.9
2006,2,3.4,6.42,4.09,1.89,60959,12878,2.1,1.89,-0.18,0.56,-0.05,15910,2404,2714,44.1,4.83
2006,3,5.1,6.16,4.28,2.35,60903,13044,-0.5,4.37,-0.22,0.74,0.09,15925,3441,3519,44.2,4.77
2006,4,4.1,5.91,4.47,3.12,80133,13210,0.2,4.02,-0.75,0.97,0.11,15942.5,2974,3582,44.3,4.7
2006,5,4.2,5.21,3.65,3.25,80464,13376,0.6,6.52,0.28,0.97,0.09,15957.5,3444,4294,44.4,4.63
2006,6,5.1,4.09,4.15,3.65,81095,13542,0.4,6.46,0.34,0.99,0.24,15996,3510,4007,44.5,4.57
2006,7,5.2,5.27,4.19,4.04,82094,13708,0.4,8.31,1.03,0.81,0.06,16006,3582,3985,44.6,4.5
2006,8,4.17,4.36,4.23,4.44,82250,13874,0.4,6.02,1.73,1.08,0.05,16014,3674,4151,44.7,4.43
2006,9,3.1,2.41,2.14,4.84,82256,14040,0.3,4.2,1.84,0.18,0.22,16050,3378,3968,44.8,4.37
2006,10,2.46,1.15,2.18,5.23,99258,14206,0.2,2.07,0.42,0.59,0.12,16070,3344,3845,44.9,4.3
2006,11,5.8,-0.27,1.58,3.24,98894,14372,0.6,0.01,0.25,0.39,0,16070,3289,3746,45,4.23
2006,12,5.9,-1.7,0.98,3.11,99883,14538,0.5,-2.1,0.11,0.4,-0.09,16056,3500,4000,45.1,4.17
2007,1,6.2,-3.13,3.54,2.96,70147,14704,1.1,8.74,0.49,0.38,-0.04,16050,3759,4331,45.2,4.1
2007,2,5.34,2.21,2.57,1.9,70888,15052,2.2,10.75,0.81,1.32,-0.31,16001,2925,3468,45.31,4.06
2007,3,6.1,3.04,2.73,1.2,69859,15401,-0.2,4.6,1.13,0.41,0.09,16015,3881,4478,45.42,4.02
2007,4,4.2,4.99,2.89,0.51,94163,15749,0.5,3.42,1.45,0.09,0.21,16048,3650,4493,45.53,3.97
2007,5,3.44,6.95,3.11,1.24,94542,16098,0.8,2.15,0.91,1.13,0.26,16089,4140,5412,45.63,3.93
2007,6,2.9,5.21,2.8,1.64,94928,16446,0.9,12.85,1.24,0.12,0.26,16131,4185,5011,45.74,3.89
2007,7,2.41,7.17,2.75,1.92,98755,16795,0.9,5.21,-0.14,1.05,0.06,16140,4278,5239,45.85,3.85
2007,8,3.3,8.01,2.7,2.49,97553,17143,0.6,4.52,-0.38,1.22,0.62,16240,4313,5335,45.96,3.81
2007,9,4.86,6.31,4.21,2.95,97207,17492,0.5,2.45,-1.21,0.53,-0.99,16080,3728,4963,46.07,3.77
2007,10,5.62,7.71,3.61,3.41,118131,17840,0.7,1.3,0.82,0.09,-0.07,16069,4280,5630,46.18,3.73
2007,11,3.3,8.13,3.76,3.35,119543,18189,1.2,-0.08,1.56,0.27,-0.18,16040,4548,6170,46.28,3.68
2007,12,2.3,8.54,3.91,3.81,119761,18537,2.9,-1.46,1.35,1.8,-0.07,16028,4700,6300,46.39,3.64
2008,1,5.43,2.52,4.33,4.12,85297,18886,2.4,14.8,2.12,2.67,-0.36,15970,4911,7198,46.5,3.6
2008,2,5.24,0.79,4.57,3.53,84364,19056,3.6,8.43,1.84,1.71,-0.25,15930.5,3415,6194,46.6,3.57
2008,3,2.55,2.86,2.53,3.91,84814,19226,3,2.94,2.26,2.61,1.13,16110,4834,8118,46.7,3.53
2008,4,3.72,3.42,3.86,4,122843,19397,2.2,2.39,1.24,0.95,0.07,16122,5088,8307,46.8,3.5
2008,5,3.81,4.99,3.9,2.15,123957,19567,3.9,0.93,0.69,1.02,0.77,16246,5947,7853,46.9,3.47
2008,6,4.25,6.3,3.93,2.38,124972,19738,2.1,1.78,-0.2,2.1,3.67,16842,6431,7167,47,3.43
2008,7,3.7,3.64,3.97,1.98,131038,19908,1.1,17.92,0.86,1.85,-0.46,16765,6547,7300,47.1,3.4
2008,8,3.06,5.08,3.69,2.12,129079,20078,1.6,0.97,-0.32,1.82,-1.43,16525,6018,6276,47.2,3.37
2008,9,5.61,4.21,3.71,1.9,130789,20249,0.2,0.26,0.96,1.04,0.45,16600,5274,5511,47.3,3.33
2008,10,4.52,3.6,3.73,1.76,153765,20419,-0.2,1.25,1.23,1.91,1.81,16900,5044,5706,47.4,3.3
2008,11,3.36,3.12,3.76,2.64,152665,20590,-0.8,18.17,1.54,1.51,0.43,16972,4219,4651,47.5,3.27
2008,12,3.86,2.63,3.78,2.84,154489,20760,-0.7,1.74,-0.72,0.5,3.01,17483,4900,5400,47.6,3.23
2009,1,5.05,3.45,3.8,3.22,104668,20931,0.32,1.9,-0.43,1.05,0.01,17484.5,3719,3329,47.7,3.2
2009,2,4.85,2.34,3.82,3.44,104052,21246,1.17,0.6,-1.34,0.1,-0.02,17480.5,5028,4188,47.81,3.16
2009,3,3.92,1.96,3.84,3.76,104377,21562,-0.17,1.39,0.52,0.53,1.75,17786,5312,5043,47.92,3.12
2009,4,4.5,1.58,3.86,4.06,139588,21878,0.35,0.75,1.23,0.7,-0.02,17783,4279,5456,48.03,3.08
2009,5,5.8,3.57,3.88,2.34,140251,22194,0.44,2.54,1.74,0.49,-0.04,17775,4415,5669,48.13,3.03
2009,6,6.12,2.46,3.9,3.02,139091,22519,0.55,0.57,2.4,0.28,-0.01,17773,4737,5902,48.24,2.99
2009,7,6.19,2.42,3.92,2.91,140528,22726,0.52,0.76,2.8,0.99,0.23,17813.5,4806,6323,48.35,2.95
2009,8,5.83,2.38,3.94,2.8,141274,23142,0.24,0.33,1.84,1.02,0.03,17819,4523,5848,48.46,2.91
2009,9,3.52,3.67,3.96,2.69,140834,23458,0.62,0.59,0.71,0.03,0.12,17840.5,4544,6376,48.57,2.87
2009,10,6.52,3.94,3.98,3.21,163284,23774,0.37,6.8,-0.49,0.08,0.56,17940,5026,6625,48.68,2.83
2009,11,3.13,3.87,4,2.59,163467,24090,0.55,3.43,-1.26,0.86,2.48,18385,4686,6767,48.78,2.78
2009,12,5.32,3.8,4.02,2.48,161502,24406,1.38,1.09,2.28,0.74,0.48,18474,5467,7395,48.89,2.74
2010,1,2.24,2.62,4.04,3.53,121425,24722,1.36,0.32,0.4,1.49,0,18474,5013,5958,49,2.7
2010,2,4.24,2.55,4.06,3.19,121826,25290,1.96,1.46,0.7,0.18,3.12,19050,3740,5070,49.12,2.64
2010,3,3.12,3.56,4.08,3.28,120915,25859,0.75,0.32,1.4,0.77,0.21,19090,5592,6747,49.23,2.58
2010,4,2.31,3.45,4.1,3.38,163900,26428,0.14,3.82,0.9,1.43,-0.6,18975,5332,6494,49.35,2.53
2010,5,4.56,3.12,4.12,1.34,162596,26997,0.27,1.58,1.1,0.004,-0.53,18875,6312,7183,49.47,2.47
2010,6,4.76,2.88,4.15,0.72,162612,27565,0.22,0.93,0.9,0.97,1.09,19080,6317,7059,49.58,2.41
2010,7,5.2,2.63,4.17,2.65,170450,28134,0.06,0.67,1,0.74,-0.16,19050,6029,7007,49.7,2.35
2010,8,5.31,2.39,4.19,1.32,171211,28703,0.23,2.4,0.9,0.04,2.31,19490,6857,7252,49.82,2.29
2010,9,5.77,2.15,4.21,1.04,171310,29272,1.31,0.6,0.7,0.11,-0.21,19450,6098,6973,49.93,2.23
2010,10,5.45,1.9,4.23,0.76,204199,29840,1.05,0.2,1,1.43,0.15,19480,6227,7304,50.05,2.18
2010,11,4.21,1.66,4.25,1.54,206969,30409,1.86,0.5,1,1.5,0.09,19498,6641,7941,50.17,2.12
2010,12,4.12,1.42,4.27,1.26,204726,30978,1.98,5.1,1,0.41,-0.02,19495,7498,8792,50.28,2.06
2011,1,3.85,1.18,4.29,1.3,146416,31547,1.74,0.18,0.42,2.22,0,19495,7091,7968,50.4,2
2011,2,3.65,0.93,4.31,2.41,148352,31956,2.09,1.37,0.73,0.09,7.08,20875,4848,5960,50.48,1.98
2011,3,3.52,0.69,4.33,3.21,148275,32365,2.17,0.81,1.39,1.6,0.02,20880,7447,8856,50.57,1.97
2011,4,5.21,0.45,4.35,3.79,208371,32775,3.32,1.65,1.08,2.38,-1.48,20570,7437,8930,50.65,1.95
2011,5,6.31,1.63,4.37,4.48,207729,33184,2.21,0.66,0.9,1.39,-0.34,20500,7233,8654,50.73,1.93
2011,6,5.21,1.39,4.39,5.18,211497,33593,1.09,0.97,0.78,0.52,0.05,20510,8460,8620,50.82,1.92
2011,7,2.53,1.57,4.41,4.85,215203,34003,1.17,3.37,1,2.53,0.34,20580,9323,8221,50.9,1.9
2011,8,6.42,1.76,4.43,4.32,214939,34412,0.93,0.52,0.95,0.61,1.21,20830,9247,9643,50.98,1.88
2011,9,4.22,1.94,4.45,3.91,211641,34821,0.82,0.34,0.95,2.67,-0.02,20825,7944,9445,51.07,1.87
2011,10,3.43,1.96,4.47,3.48,273927,35231,0.36,1.37,0.9,0.04,0.84,21000,8394,9144,51.15,1.85
2011,11,4.14,2.06,4.49,3.05,274936,35640,0.39,1.46,0.95,1.64,0,21000,8854,9421,51.23,1.83
2011,12,3.84,2.15,4.51,2.62,277303,36049,0.53,1.99,0.95,2.64,0.15,21031,9087,9356,51.32,1.82
2012,1,3.7,1.15,4.53,2.18,181020,36459,1,0.03,0.4,0.5,-0.15,21000,7095,6923,51.4,1.8
2012,2,3.5,1.86,4.56,3.25,180661,36741,1.37,1.2,0.6,0.49,-0.81,20830,8300,8579,51.47,1.75
2012,3,3.42,1.89,4.58,3.83,180842,37024,0.16,1.4,1.52,0.94,-0.05,20820,9479,9055,51.53,1.62
2012,4,3.29,3.84,4.6,4.24,234669,37307,0.05,1.63,1.09,1.32,0.05,20830,8962,8959,51.6,1.56
2012,5,4.38,3.44,3.81,5.57,236678,37873,0.18,1.06,0.9,0.68,-0.05,20820,9100,9800,51.67,1.45
2012,6,4,1.32,3.99,6.14,233503,38156,-0.26,1.06,0.89,0.36,0.29,20880,9750,9900,51.73,1.33
2012,7,4.12,2.67,3.85,6.92,239657,38156,-0.29,1.65,0.85,0.47,-0.14,20850,9600,9500,51.8,1.25
2012,8,4.23,3.22,3.71,7.7,242080,38439,0.63,0.44,1.03,1.5,-0.29,20790,10308,10257,51.87,1.37
2012,9,4.73,2.48,4.36,5.97,242251,38722,2.2,1.05,0.82,1.2,0.41,20875,9483,9308,51.93,1.49
2012,10,4.82,3.12,4.19,5.91,326982,39005,0.85,0.97,0.9,0.49,-0.24,20825,10322,10166,52,1.61
2012,11,5.01,2.62,4.27,5.44,328066,39288,0.47,1.69,1,0.95,0.05,20835,10347,9952,52.07,1.74
2012,12,5.21,2.76,4.35,4.96,326370,39571,0.27,0.83,0.46,0.75,-0.07,20820,10355,9857,52.13,1.86
2013,1,4.76,2.24,4.93,5.65,226502,39854,1.25,0.28,0.42,1.02,-0.05,20810,11472,10696,52.2,1.9
2013,2,4.92,2.39,4.81,5.11,228140,40141,1.32,0.35,0.63,0.303,0.58,20930,7146,7240,52.39,2.03
2013,3,4.9,2.31,4.94,4.95,227923,40428,-0.19,2.39,1.65,0.68,-0.02,20925,11029,11575,52.58,2.16
2013,4,4.52,2.23,5.07,4.79,279000,40716,0.02,2.18,1.05,0.66,-0.55,20810,10033,10969,52.77,2.28
2013,5,4.9,2.07,5.18,5.92,278610,41003,-0.06,0.29,0.83,1.03,0.86,20990,11675,12228,52.96,2.41
2013,6,4.7,2,5.22,5.76,274051,41290,0.05,1.95,1.12,0.42,0.86,21170,11009,10723,53.15,2.54
2013,7,4.66,1.9,5.29,5.99,302681,41578,0.27,1.44,0.95,0.7,-0.14,21140,11599,11220,53.34,2.67
2013,8,4.61,1.81,5.37,6.47,300119,41865,0.83,0.72,0.91,0.56,-0.09,21120,11923,11319,53.53,2.79
2013,9,5.14,2.39,5.2,6.25,299420,42152,1.06,2.38,1.07,0.53,-0.04,21112,11184,11272,53.72,2.92
2013,10,4.97,2.17,5.41,6.61,386263,42439,0.49,4.23,0.96,0.2,-0.15,21080,12613,12512,53.91,3.05
2013,11,5.04,2.21,5.47,6.8,387241,42727,0.34,1.58,0.97,0.31,0.05,21090,11992,10988,54.1,3.18
2013,12,5.1,2.26,5.53,7,391405,43014,0.51,0.81,0.95,0.3,-0.07,21075,11637,12185,54.29,3.3
2014,1,5.06,2.37,4.69,5.95,250340,43302,0.69,0.39,0.46,0.006,-0.19,21035,11460,13600,54.48,3.43
2014,2,5.2,2.29,4.99,6.15,252494,43493,0.55,1.14,0.65,0.006,0.21,21080,9540,10090,54.49,3.42
2014,3,5.27,2.3,4.9,5.97,251758,43685,-0.44,1.79,1.7,0.29,-0.02,21075,12000,12300,54.5,3.41
2014,4,5.33,2.3,4.81,5.79,304322,43876,0.08,0.44,0.6,0.58,-0.07,21060,13071,12260,54.51,3.4
2014,5,5.18,2.96,5.33,6.01,305204,44069,0.2,0.22,0.6,0.38,0.36,21135,12000,12400,54.52,3.38
2014,6,5.32,2.8,5.27,5.83,306540,44259,1.38,5.01,1.15,0.49,0.78,21300,12378,12430,54.53,3.37
2014,7,5.35,2.92,5.38,5.77,335753,44451,0.23,0.68,1.05,0.5,-0.47,21200,12916,12965,54.55,3.36
2014,8,5.39,3.04,5.49,5.72,331754,44642,0.22,4.68,1.05,0.4,-0.14,21170,13272,12198,54.56,3.35
2014,9,5.43,3,6.42,5.99,336375,44834,0.4,0.95,1,0.19,0.09,21190,12400,13000,54.57,3.34
2014,10,5.43,3.04,6.3,5.82,423603,45025,0.11,1.9,1.25,0.66,0.31,21255,14068,14072,54.58,3.33
2014,11,5.46,3.07,6.54,5.8,420203,45217,-0.27,0.18,1.05,0.024,0.21,21300,13200,12792,54.59,3.31
2014,12,5.49,3.1,6.78,5.79,421810,45408,-0.24,2.9,1.15,0.36,0.33,21370,12876,14038,54.6,3.3
2015,1,6.03,2.14,8.35,5.82,271874,45600,-0.2,0.66,0.5,0.06,-0.48,21267,13405,13400,54.61,3.29
2015,2,5.95,2.37,8.18,5.8,270409,45841,-0.05,0.53,0.7,0.09,0.25,21320,9600,10480,54.52,3.34
2015,3,6.07,2.21,8.61,5.8,271829,46083,0.15,0.02,1.85,0.007,0.94,21520,13345,14736,54.39,3.39
2015,4,6.2,2.04,9.05,5.8,326301,46325,0.14,1.47,1.15,0.08,0.14,21550,13348,13200,54.29,3.45
2015,5,6.28,2.36,9.09,5.9,321867,46566,0.16,0.27,0.75,0.09,1.09,21785,13500,14938,54.18,3.47
2015,6,6.41,2.26,9.36,5.87,325246,46808,0.35,0.88,1.35,0.02,0.08,21802,14300,14465,54.06,3.52
2015,7,6.52,2.27,9.6,5.89,358110,47050,0.13,0.8,1.2,0.001,0.05,21813,14500,14800,53.95,3.56
2015,8,6.63,2.28,9.83,5.91,356106,47291,-0.07,0.79,1.1,0.04,3.06,22480,14500,14600,53.82,3.59
2015,9,6.5,1.77,9.69,6.17,358047,47533,-0.21,1.1,1.15,0.047,-0.04,22471,14200,14300,53.72,3.42
2015,10,6.61,1.84,10.01,6.19,445762,47775,0.11,3.82,2.15,0.054,-0.72,22309,14314,13814,53.62,3.39
2015,11,6.65,1.72,10.18,6.28,451404,48016,0.07,0.93,1.4,0.032,0.71,22468,14300,14500,53.51,3.22
2015,12,6.69,1.61,10.35,6.37,445642,47258,0.02,2.54,1.3,0.044,0.05,22480,14200,14800,53.4,3.16
2016,1,5.46,-1.23,6.72,6.13,282547,48500,0,1.34,0.8,0.07,-1.25,22198,13800,14000,53.29,3.21
2016,2,5.5,-0.73,7.71,6.26,283714,48900,0.42,1.46,0.7,0.37,0.36,22277,10300,10200,53.33,3.09
2016,3,5.16,-1.35,7.15,6.27,285664,49300,0.57,1.23,2,0.36,-0.06,22264,14200,14100,53.36,3.02
2016,4,4.82,-1.97,6.59,6.28,346408,49700,0.33,2.85,1.15,0.29,-0.09,22244,14100,14000,53.4,2.96
2016,5,5.52,-0.18,7.12,6.35,343789,50100,0.54,2.85,1.15,0.17,0.55,22366,14600,15000,53.43,2.86
2016,6,5.18,-0.84,6.96,6.38,342228,50500,0.46,3.28,1.15,0.11,-0.38,22281,14800,14900,53.47,2.78
2016,7,5.15,-0.75,6.93,6.42,388722,50900,0.13,1.13,1.45,0.22,-0.04,22273,14700,14600,53.5,2.69
2016,8,5.12,-0.67,6.9,6.47,387664,51300,0.1,1.66,1.3,0.14,0.12,22300,15200,15000,53.54,2.61
2016,9,5.93,0.65,7.5,6.66,386011,51700,0.54,1.43,1.25,0.26,-0.09,22281,15000,15100,53.58,2.53
2016,10,5.9,0.05,7.29,6.67,415831,52100,0.83,2.06,1.22,0.39,0.01,22284,15500,15700,53.61,2.83
2016,11,6.12,0.22,7.36,6.74,431292,52500,0.48,1.18,1.68,0.12,1.6,22640,15600,16000,53.65,2.91
2016,12,6.35,0.39,7.43,6.81,446752,52900,0.23,1.2,1.3,0.21,0.57,22770,16000,16300,53.68,3.14
2017,1,5.1,1.38,4.17,6.52,308591,53300,0.46,1.58,0.85,0.54,-0.79,22590,14600,14700,53.72,3.18
2017,2,5.32,1.08,5.4,6.72,309430,53725,0.23,1.82,0.7,0.38,0.71,22750,13000,14200,53.86,3.26
2017,3,5.1,1.26,5,6.74,312235,54150,0.21,4.31,2.07,0.54,0,22750,16300,17400,54,3.36
2017,4,4.89,1.44,4.61,6.77,375657,54575,0,3.24,1.18,0.32,-0.04,22740,16700,17500,54.14,3.46
2017,5,5.73,2.65,5.81,6.85,375110,55000,-0.53,1.18,1.35,0.25,-0.13,22710,17200,18000,54.28,3.57
2017,6,5.51,2.43,5.75,6.93,375480,55425,-0.17,7.09,1.57,0.43,-0.04,22700,17800,18000,54.42,3.68
2017,7,5.61,2.72,5.99,7,427861,55850,0.11,2.71,1.33,0.16,0.11,22726,17500,17800,54.56,3.59
2017,8,5.71,3.01,6.24,7.07,427553,56275,0.92,1.43,1.25,0.24,-0.05,22715,18200,17800,54.69,3.54
2017,9,6.41,2.78,7.17,7.25,425680,56700,0.59,2.12,2.2,0.09,0.02,22720,19000,18600,54.83,3.47
2017,10,6.51,2.97,7.16,7.36,558121,57125,0.41,2.76,1.7,0.04,-0.09,22700,19400,18500,54.97,3.41
2017,11,6.79,3.05,7.48,7.1,558615,57975,0.13,4.85,1.8,0.48,0.02,22705,19200,19000,55.11,3.34
2017,12,7.07,3.14,7.8,6.92,563811,58400,0.21,2.79,1.5,0.02,-0.02,22700,19300,19800,55.25,3.24
2018,1,7.38,4.05,9.7,6.7,340167,58400,0.51,1.25,1.05,0.56,0,22700,19000,19300,55.39,3.1
2018,2,7.66,4.01,9.57,6.82,341708,58741,0.73,2.09,0.65,0.38,0.25,22756,13400,12500,55.42,3.08
2018,3,7.95,4.28,10.14,6.64,340652,59083,-0.27,2.46,2.18,0.07,0.16,22793,19800,19000,55.46,3
2018,4,7.08,3.93,9.07,6.9,471887,59425,0.08,2.26,1.22,0.29,-0.13,22763,18200,17500,55.49,2.92
2018,5,6.98,4.05,9.29,6.77,467375,59766,0.55,1.84,1.65,0.54,0.18,22804,19200,19700,55.53,2.85
2018,6,6.69,4.04,9.16,6.76,473892,60108,0.61,10.43,1.62,0.39,0.67,22956,19600,19700,55.56,2.77
2018,7,6.88,3.46,8.61,6.87,414158,60450,-0.09,2.61,1.48,0.45,1.41,23280,19500,19800,55.6,2.69
2018,8,6.75,3.51,8.65,6.88,415776,60791,0.45,1.41,1.4,0.18,0.1,23303,20900,21000,55.63,2.41
2018,9,6.7,3.37,8.5,6.91,412906,61133,0.59,1.02,2,0.018,0.09,23325,20500,19800,55.66,2.56
2018,10,7.31,3.9,8.65,7.61,615702,61475,0.33,2.53,1.85,0.17,0.08,23343,20800,20700,55.7,2.69
2018,11,7.48,3.47,8.6,7.53,611259,61816,-0.29,2.9,1.4,0.11,-0.12,23315,21600,22000,55.73,2.81
2018,12,7.76,3.4,8.59,7.71,623132,62158,-0.25,4.66,2.6,0.29,-0.54,23190,21000,21200,55.77,2.95
2019,1,6.79,2.68,8.63,6.5,368542,62500,0.1,1.9,1.55,0.18,0.03,23198,20000,20800,55.8,3.11
2019,2,6.65,2.43,8.6,7.03,370196,62659,0.8,6.57,1.03,0.22,0,23199,14600,15500,55.64,3.18
2019,3,6.31,2.06,8.6,6.96,375426,62816,-0.21,2.33,1.54,0.34,0.02,23203,22400,21800,55.56,3.24
2019,4,6.71,2.19,9.14,6.85,453665,62975,0.31,3.79,1.58,0.03,0.35,23285,19900,20600,55.48,3.3
2019,5,6.61,1.88,9.12,6.93,455872,63133,0.49,2.15,1.6,0.14,0.54,23410,21500,22800,55.4,3.37
2019,6,6.64,1.69,9.28,6.89,452891,63291,-0.09,1.73,1.8,0.25,-0.47,23300,21600,21200,55.32,3.44
2019,7,7.31,1.53,10.05,7.11,516555,63450,0.18,1.75,1.45,0.002,-0.3,23230,22600,22400,55.24,3.5
2019,8,7.55,1.28,10.12,7.45,512066,63608,0.28,2.41,1.41,0.22,-0.19,23185,24500,22800,55.16,3.57
2019,9,7.9,1.07,10.41,7.71,512651,63766,0.32,3.53,2.26,0.31,0.06,23200,23000,22500,55.08,3.63
2019,10,6.97,1.62,7.92,8.09,673258,63925,0.59,2.95,1.99,0.15,0.01,23202,22400,22500,55,3.7
2019,11,6.89,1.39,8.1,8.39,671624,64083,0.96,2.69,1.48,0.43,-0.1,23179,22600,22500,54.92,3.76
2019,12,6.6,1.39,7.49,8.71,675146,64241,1.4,6.22,2.69,0.44,-0.03,23171,21800,22800,54.88,3.83
2020,1,3.82,0.08,5.15,3.27,394295,64400,1.23,5.33,1.6,0.24,0.22,23222,19000,22302,54.84,3.89
2020,2,2.7,-0.03,4.93,4.76,398723,64450,-0.17,1.14,0.85,0.39,0.08,23240,18600,18500,54.48,3.93
2020,3,1.16,-0.49,4.04,3.93,392987,64500,-0.72,2.08,1.4,0.07,1.62,23616,20000,19000,54.12,3.98
2020,4,0.36,1.72,1.38,-1.76,465304,64600,-1.54,3.78,1.3,0.52,-0.8,23428,19700,20400,53.76,4.02
2020,5,-0.93,1.43,0.83,-2.3,464440,64650,-0.03,1.56,1.55,0.18,-0.63,23280,18500,19400,53.39,4.07
2020,6,-2.1,1.88,-0.39,-4.33,463567,64700,0.66,1.78,1.74,0.13,-0.33,23204,21000,20500,53.03,4.11
2020,7,2.62,2.93,2.95,2.75,526877,64750,0.4,3.15,1.68,0.04,-0.15,23170,23000,22000,52.67,4.16
2020,8,1.39,3.01,2.06,-1.82,531893,64800,0.07,0.72,1.33,0.23,0.02,23174,26500,23000,52.31,4.2
2020,9,1.95,3.42,2.41,-2.31,530323,64900,0.12,1.66,2.31,0.25,0.03,23181,27500,24000,51.95,4.24
2020,10,4.48,4.69,5.6,4.29,711010,64950,0.09,2.28,2.04,0.31,0,23180,26700,24500,51.59,4.29
2020,11,4.15,4.93,5.33,0.25,701421,65000,-0.01,2.95,1.4,0.5,-0.17,23140,24800,24200,51.22,4.33
2020,12,4.76,5.5,6.16,0.35,706703,65122,0.1,2.1,2.78,0.28,-0.3,23070,26500,27500,50.86,4.38
2021,1,4.48,3.16,6.3,3.34,644257,65244,0.06,2.02,1.51,0.02,-0.1,23048,27700,26400,50.5,4.42
2021,2,4.8,3.57,6.58,3.66,638132,65366,1.52,3.44,0.99,0.26,-0.14,23015,20000,20800,50.6,4.28
2021,3,4.96,3.16,6.87,4.51,637832,65489,-0.27,4.67,1.6,0.16,0.26,23074,28600,28200,50.7,4.15
2021,4,6.61,4.11,10.28,4.3,678309,65611,-0.04,2.12,1.4,0.23,-0.09,23054,25500,27000,50.8,4.01
2021,5,7.27,4.11,10.57,4.65,676888,65733,0.16,1.75,1.65,0.2,-0.06,23040,26000,28000,50.9,3.88
2021,6,8.18,4.36,11.79,5.07,685894,65855,0.17,1.27,2.09,0.07,-0.11,23014,26500,27500,51,3.74
2021,7,-6.17,1.04,-5.02,-9.28,664163,65978,0.62,1.43,1.26,0.26,-0.28,22950,27000,28700,51.1,3.61
2021,8,-5.39,1.16,-4.27,-0.92,663455,66100,0.25,2.4,1.08,0.08,-0.76,22775,26200,27500,51.2,3.47
2021,9,-9.13,0.27,-8.73,-1.59,656479,66222,-0.62,3.05,1.7,0.007,-0.11,22750,27000,26500,51.3,3.33
2021,10,5.22,3.16,5.61,5.42,794743,66344,-0.2,1.59,1.87,0.12,0,22750,27300,26200,51.4,3.2
2021,11,3.74,2.77,3.75,-0.22,803410,66467,0.32,2.72,1.95,0.14,-0.27,22688,29900,29800,51.5,3.06
2021,12,6.78,3.32,6.5,-0.44,805292,66571,-0.18,4.69,2.64,0.27,0.6,22825,34517,31975,51.6,2.93
2022,1,5.03,2.45,6.38,4.58,707407,66675,0.19,2.1,1.61,3.15,-0.79,22645,29000,29500,51.7,2.79
2022,2,6.47,2.53,8.17,1.65,712057,66779,1,2.9,1.08,0.2,0.71,22805,22947,25279,51.82,2.65
2022,3,7.12,2.37,9.48,1.37,709951,66883,0.7,3.9,1.72,0.04,0.14,22838,34061,32672,52.15,2.52
2022,4,7.72,3.02,8.87,8.56,762442,66987,0.18,1.9,1.5,0.5,0.54,22962,33258,32189,52.11,2.38
2022,5,8.35,2.98,10.42,5.71,756930,67092,0.38,0.91,1.79,0.43,0.97,23185,30480,32210,52.22,2.25
2022,6,8.97,3.14,11.3,6.44,759319,67196,0.69,2.32,2.35,0.3,0.3,23255,32646,32370,52.34,2.31
2022,7,13.67,3.24,12.91,18.86,792426,67300,0.4,1.51,1.51,1.48,0.34,23335,30323,30302,52.45,2.52
2022,8,15.65,3.3,14.12,17.8,789443,67404,0.01,1.26,1.23,0.3,0.49,23450,33380,30960,52.56,2.63
2022,9,18.31,3.38,15.42,15.2,795545,67508,0.4,1.9,2.6,0.01,1.73,23855,29940,28800,52.68,2.72
2022,10,5.92,3.85,4.22,8.12,890725,67612,0.15,3.76,2.33,0.17,4.13,24840,30270,28000,52.79,2.67
2022,11,8.24,3.92,5.48,7.72,892314,67717,0.39,2.64,1.95,0.17,-0.85,24630,29500,30000,52.91,2.72
2022,12,6.18,4.11,3,3.95,891480,67872,-0.01,2.62,2.72,0.19,-4.14,23610,29660,29160,53.02,2.77
2023,1,3.32,2.52,-0.4,6.79,771683,67984,0.52,1.69,1.35,0.46,-0.7,23445,25080,21480,53.14,2.82
2023,2,0.99,2.65,-1.01,4.71,759785,68096,0.45,1.41,1.2,0.42,1.26,23740,25880,23580,53.25,2.87
2023,3,-1.47,2.27,-2.64,3.93,764030,68208,-0.23,2.35,1.75,0.76,-1.22,23450,29570,28920,53.37,2.92
2023,4,4.14,3.25,2.5,6.11,821834,68320,-0.34,3.43,1.55,0.36,0,23450,27540,26030,53.48,2.97
2023,5,1.75,2.29,-2.04,4.68,809365,68432,0.01,1.98,1.8,0.28,0.15,23485,29050,26810,53.59,3.01
2023,6,1.75,2.05,-2.95,4.4,822818,68544,0.27,2.57,2.37,0.26,0.38,23575,29300,26710,53.71,3.06
2023,7,0.15,1.82,-3.85,4.12,769274,68656,0.45,2.81,1.56,0.33,0.45,23680,29680,27530,53.82,3.11
2023,8,-1.05,1.58,-4.76,4.36,758151,68768,0.88,1.91,1.52,0.007,1.6,24060,32370,28550,53.94,3.16
2023,9,-2.24,1.35,-5.67,4.28,747027,68880,1.08,2.06,2.8,0.38,0.91,24280,31410,29120,54.05,3.21
